,0,9.554678769445998,7.833895859438327,30.334725455111823
0,1.0,9.38260047844523,7.532481383459523,30.27430302747777
1,2.0,9.19758856894666,7.243767802887504,30.173730914401634
2,3.0,9.002206492340743,6.971399298755966,30.03535004941701
3,4.0,8.799125772982267,6.718458891477926,29.861987141712167
4,5.0,8.591059084831834,6.487435712087137,29.656833132467096
5,6.0,8.380696747557362,6.280221841618946,29.423323684050526
6,7.0,8.170649256963522,6.09813518150632,29.16502806676246
7,8.0,7.963397849417801,5.941963472610913,28.885551221878504
8,9.0,7.761254411737112,5.8120238709262395,28.588452047352835
9,10.0,7.566331357656026,5.708232371730848,28.277179285183568
10,11.0,7.380521459063508,5.6301777448417685,27.95502494682215
11,12.0,7.205487087641333,5.577195360844367,27.625094091548355
12,13.0,7.042657914961637,5.54843720406021,27.290289007351905
13,14.0,6.893235843871494,5.542935349416693,26.95330541906428
14,15.0,6.758205794426013,5.559657121951448,26.616638214197845
15,16.0,6.638350927178556,5.59755098709789,26.28259426491851
16,17.0,6.5342709331704905,5.655582896765109,25.95331016237199
17,18.0,6.446402129529952,5.7327633269497404,25.63077300070009
18,19.0,6.375038249271931,5.828165593416511,25.31684269787082
19,20.0,6.320350983686389,5.940936241781211,25.013274678405477
20,21.0,6.282409509495871,6.070298402606811,24.72174204251226
21,22.0,6.261198398806965,6.215549008247757,24.44385659214541
22,23.0,6.256633459751044,6.37605071227715,24.18118827133634
23,24.0,6.268575185003654,6.551219257534848,23.93528270637573
24,25.0,6.296839592256774,6.740506924568182,23.70767660556539
25,26.0,6.3412063254879145,6.943382574250958,23.499910804828662
26,27.0,6.40142395036422,7.159308689205252,23.313540731701128
27,28.0,6.4772124242483216,7.387715728338147,23.15014401330039
28,29.0,6.5682627546573045,7.627974045583423,23.011324880636447
29,30.0,6.674233883749916,7.879363594943602,22.898714928657125
30,31.0,6.794746854869285,8.141041655732407,22.813969685437183
31,32.0,6.929376334955597,8.412008870866407,22.75876033234867
32,33.0,7.077639588546678,8.69107400334628,22.734759808811557
33,34.0,7.238983030026637,8.976817987516442,22.74362244157397
34,35.0,7.412766525775618,9.267558087089869,22.78695617388469
35,36.0,7.598245681907044,9.561313273935257,22.86628645288437
36,37.0,7.794552441109865,9.855772309111094,22.98301088711118
37,38.0,8.000674427909988,10.148266433388876,23.138343937898263
38,39.0,8.215433628457877,10.435749042388494,23.33325119029996
39,40.0,8.437465169850938,10.714785203032363,23.568373194768483
40,41.0,8.66519717316908,10.981554319151227,23.843939512438187
41,42.0,8.896832887767294,11.23186961184312,24.159674459872956
42,43.0,9.130336560174875,11.46121826137604,24.51469714381394
43,44.0,9.363424730294991,11.664825959673454,24.907419687805422
44,45.0,9.593564853232838,11.83774912983298,25.33544902811788
45,46.0,9.81798328089285,11.974997064069608,25.795499193968272
46,47.0,10.033684659210529,12.071684613992254,26.283322425100216
47,48.0,10.2374846546887,12.12321378233316,26.793668594319964
48,49.0,10.426057567453146,12.125479637051011,27.32028291575956
49,50.0,10.595999774412931,12.075092535179223,27.85595152529472
50,51.0,10.74390905048956,11.969604985882247,28.3926029290746
51,52.0,10.866478644028831,11.807728034394094,28.921470324352
52,53.0,10.960603583065357,11.58951937804338,29.43331536090505
53,54.0,11.023495162563158,11.316524169458958,29.918708227490797
54,55.0,11.052798063252734,10.991850219123222,30.36835250248164
55,56.0,11.046703278839786,10.6201624974067,30.77343677721702
56,57.0,11.004049200696478,10.207587541027252,31.125989635310376
57,58.0,10.924403034729554,9.761526228138754,31.419211200254235
58,59.0,10.808115354070477,9.29038255373298,31.647754035750168
59,60.0,10.656342074036726,8.803225264179009,31.80792919137206
60,61.0,10.471030393050953,8.309407050967513,31.897819543967746
61,62.0,10.25486805884261,7.818171111342695,31.9172915605844
62,63.0,10.011198364092618,7.338276319211163,31.867906917718223
63,64.0,9.743906159604474,6.877669721947818,31.752745465400533
64,65.0,9.45728251583881,6.443229028170901,31.576159269997312
65,66.0,9.15587716707202,6.0405892525091875,31.34348272846737
66,67.0,8.844348375615734,5.674058188263354,31.06072545450201
67,68.0,8.527319356880497,5.346616384363415,30.734272915587116
68,69.0,8.209249059628789,5.059990036918981,30.370615358386758
69,70.0,7.894323157357807,4.81478041753401,29.97611946668619
70,71.0,7.586368883375428,4.610631356683006,29.556850606385208
71,72.0,7.288795130706186,4.446416613152727,29.11844742611882
72,73.0,7.00455727895084,4.320431105486742,28.66604569234604
73,74.0,6.736144661604429,4.230573242407512,28.20424487869824
74,75.0,6.485587519684738,4.174509279490405,27.737109215556654
75,76.0,6.254479695665304,4.149814198601759,27.268194422647188
76,77.0,6.044013145958949,4.154086687863019,26.80059185783598
77,78.0,5.855020500149356,4.185038206770485,26.336982953802657
78,79.0,5.688022270811469,4.2405578136786115,25.87969825331341
79,80.0,5.543275825098184,4.318755471101764,25.430776839407063
80,81.0,5.420823789698542,4.417987042744718,24.9920233183309
81,82.0,5.320540115003159,4.536864287865774,24.565060655814317
82,83.0,5.242172532289421,4.674252970720542,24.151378056058416
83,84.0,5.185380576132533,4.829261843430306,23.752373713217693
84,85.0,5.149768702862311,5.001224813417512,23.36939268646504
85,86.0,5.134914313917831,5.189678131468213,23.003760391693795
86,87.0,5.140390695672869,5.394333972958078,22.656812306467653
87,88.0,5.16578502340139,5.615051356279173,22.329920486601303
88,89.0,5.210711656689168,5.85180496103448,22.024517422310904
89,90.0,5.274820987123699,6.104652078643213,21.742117640947285
90,91.0,5.35780409627565,6.373697649881603,21.484337306223846
91,92.0,5.459393451636245,6.65905711608943,21.252911878494125
92,93.0,5.579359818081564,6.960816632010154,21.049711689870787
93,94.0,5.717505499474423,7.278990058906222,20.87675505098428
94,95.0,5.873653955417603,7.613472080018168,20.73621823988219
95,96.0,6.047635767877659,7.963986763884046,20.6304414241246
96,97.0,6.239270867478297,8.330030956614541,20.56192923156297
97,98.0,6.4483468763919225,8.710812029605906,20.53334431344927
98,99.0,6.674593391713321,9.105179768044485,20.547491840510087
99,100.0,6.917652029346437,9.511552587494249,20.607292451864662
100,101.0,7.406298785212886,5.483281765471725,21.508613177093164
101,102.0,7.406298785212886,9.049225846247063,21.508613177093164
102,103.0,6.012595577384935,10.832197886634733,17.118017030257654
103,104.0,8.800001993040837,10.832197886634733,17.118017030257654
104,105.0,6.012595577384935,7.266253805859394,15.654484981312478
105,106.0,6.012595577384935,10.832197886634733,17.118017030257654
106,107.0,8.800001993040837,10.832197886634733,15.654484981312478
107,108.0,7.406298785212886,9.049225846247063,17.118017030257654
108,109.0,8.800001993040837,14.39814196741005,22.97214522603834
109,110.0,8.800001993040837,14.39814196741005,18.581549079202826
110,111.0,7.406298785212886,12.615169927022382,25.899209323928687
111,112.0,10.193705200868774,14.39814196741005,27.36274137287386
112,113.0,8.800001993040837,10.832197886634733,25.899209323928687
113,114.0,12.981111616524679,14.39814196741005,30.289805470764207
114,115.0,12.981111616524679,14.39814196741005,28.826273421819035
115,116.0,11.587408408696724,14.39814196741005,30.289805470764207
116,117.0,12.981111616524679,14.39814196741005,28.826273421819035
117,118.0,12.981111616524679,12.615169927022382,33.21686956865456
118,119.0,11.587408408696724,12.615169927022382,31.753337519709383
119,120.0,12.981111616524679,12.615169927022382,33.21686956865456
120,121.0,12.981111616524679,10.832197886634733,31.753337519709383
121,122.0,11.587408408696724,10.832197886634733,33.21686956865456
122,123.0,12.981111616524679,12.615169927022382,31.753337519709383
123,124.0,11.587408408696724,10.832197886634733,31.753337519709383
124,125.0,11.587408408696724,7.266253805859394,34.68040161759971
125,126.0,11.587408408696724,5.483281765471725,34.68040161759971
126,127.0,11.587408408696724,9.049225846247063,34.68040161759971
127,128.0,10.193705200868774,5.483281765471725,34.68040161759971
128,129.0,10.193705200868774,5.483281765471725,33.21686956865456
129,130.0,7.406298785212886,3.7003097250840566,31.753337519709383
130,131.0,8.800001993040837,3.7003097250840566,31.753337519709383
131,132.0,8.800001993040837,3.7003097250840566,33.21686956865456
132,133.0,7.406298785212886,1.9173376846963879,30.289805470764207
133,134.0,7.406298785212886,1.9173376846963879,31.753337519709383
134,135.0,7.406298785212886,1.9173376846963879,30.289805470764207
135,136.0,6.012595577384935,1.9173376846963879,28.826273421819035
136,137.0,6.012595577384935,1.9173376846963879,28.826273421819035
137,138.0,4.618892369556983,1.9173376846963879,28.826273421819035
138,139.0,6.012595577384935,1.9173376846963879,27.36274137287386
139,140.0,4.618892369556983,1.9173376846963879,28.826273421819035
140,141.0,4.618892369556983,1.9173376846963879,25.899209323928687
141,142.0,4.618892369556983,1.9173376846963879,27.36274137287386
142,143.0,4.618892369556983,1.9173376846963879,25.899209323928687
143,144.0,3.225189161729031,1.9173376846963879,24.43567727498351
144,145.0,3.225189161729031,1.9173376846963879,22.97214522603834
145,146.0,3.225189161729031,1.9173376846963879,22.97214522603834
146,147.0,4.618892369556983,1.9173376846963879,22.97214522603834
147,148.0,3.225189161729031,1.9173376846963879,24.43567727498351
148,149.0,3.225189161729031,3.7003097250840566,21.508613177093164
149,150.0,3.225189161729031,1.9173376846963879,21.508613177093164
150,151.0,3.225189161729031,1.9173376846963879,21.508613177093164
151,152.0,3.225189161729031,3.7003097250840566,21.508613177093164
152,153.0,3.225189161729031,3.7003097250840566,20.045081128148
153,154.0,3.225189161729031,3.7003097250840566,18.581549079202826
154,155.0,3.225189161729031,3.7003097250840566,18.581549079202826
155,156.0,3.225189161729031,3.7003097250840566,18.581549079202826
156,157.0,3.225189161729031,5.483281765471725,18.581549079202826
157,158.0,4.618892369556983,3.7003097250840566,17.118017030257654
158,159.0,3.225189161729031,5.483281765471725,18.581549079202826
159,160.0,3.225189161729031,3.7003097250840566,18.581549079202826
160,161.0,3.225189161729031,5.483281765471725,17.118017030257654
161,162.0,3.225189161729031,5.483281765471725,21.508613177093164
162,163.0,7.406298785212886,9.049225846247063,17.118017030257654
163,164.0,3.225189161729031,7.266253805859394,17.118017030257654
164,165.0,4.618892369556983,9.049225846247063,17.118017030257654
165,166.0,4.618892369556983,10.832197886634733,17.118017030257654
166,167.0,7.406298785212886,10.832197886634733,17.118017030257654
167,168.0,6.012595577384935,9.049225846247063,15.654484981312478
168,169.0,6.012595577384935,9.049225846247063,17.118017030257654
169,170.0,8.800001993040837,10.832197886634733,17.118017030257654
170,171.0,6.012595577384935,10.832197886634733,15.654484981312478
171,172.0,7.406298785212886,10.832197886634733,15.654484981312478
172,173.0,7.406298785212886,10.832197886634733,17.118017030257654
173,174.0,7.406298785212886,10.832197886634733,15.654484981312478
174,175.0,6.012595577384935,14.39814196741005,25.899209323928687
175,176.0,11.587408408696724,12.615169927022382,25.899209323928687
176,177.0,8.800001993040837,12.615169927022382,18.581549079202826
177,178.0,8.800001993040837,12.615169927022382,25.899209323928687
178,179.0,10.193705200868774,12.615169927022382,25.899209323928687
179,180.0,12.981111616524679,14.39814196741005,28.826273421819035
180,181.0,11.587408408696724,12.615169927022382,28.826273421819035
181,182.0,11.587408408696724,14.39814196741005,30.289805470764207
182,183.0,11.587408408696724,12.615169927022382,27.36274137287386
183,184.0,12.981111616524679,12.615169927022382,31.753337519709383
184,185.0,11.587408408696724,12.615169927022382,31.753337519709383
185,186.0,11.587408408696724,12.615169927022382,33.21686956865456
186,187.0,11.587408408696724,10.832197886634733,33.21686956865456
187,188.0,11.587408408696724,10.832197886634733,33.21686956865456
188,189.0,11.587408408696724,10.832197886634733,33.21686956865456
189,190.0,11.587408408696724,9.049225846247063,39.07099776443523
190,191.0,12.981111616524679,12.615169927022382,37.60746571549006
191,192.0,11.587408408696724,9.049225846247063,34.68040161759971
192,193.0,10.193705200868774,9.049225846247063,34.68040161759971
193,194.0,11.587408408696724,3.7003097250840566,34.68040161759971
194,195.0,11.587408408696724,7.266253805859394,34.68040161759971
195,196.0,8.800001993040837,3.7003097250840566,33.21686956865456
196,197.0,8.800001993040837,3.7003097250840566,33.21686956865456
197,198.0,10.193705200868774,3.7003097250840566,33.21686956865456
198,199.0,7.406298785212886,3.7003097250840566,31.753337519709383
199,200.0,7.406298785212886,1.9173376846963879,31.753337519709383
200,201.0,7.406298785212886,1.9173376846963879,31.753337519709383
201,202.0,6.012595577384935,1.9173376846963879,28.826273421819035
202,203.0,6.012595577384935,1.9173376846963879,30.289805470764207
203,204.0,6.012595577384935,1.9173376846963879,28.826273421819035
204,205.0,4.618892369556983,1.9173376846963879,28.826273421819035
205,206.0,6.012595577384935,1.9173376846963879,28.826273421819035
206,207.0,4.618892369556983,1.9173376846963879,27.36274137287386
207,208.0,4.618892369556983,1.9173376846963879,25.899209323928687
208,209.0,4.618892369556983,1.9173376846963879,25.899209323928687
209,210.0,3.225189161729031,1.9173376846963879,24.43567727498351
210,211.0,3.225189161729031,1.9173376846963879,25.899209323928687
211,212.0,3.225189161729031,1.9173376846963879,24.43567727498351
212,213.0,3.225189161729031,1.9173376846963879,24.43567727498351
213,214.0,3.225189161729031,1.9173376846963879,21.508613177093164
214,215.0,3.225189161729031,3.7003097250840566,21.508613177093164
215,216.0,3.225189161729031,3.7003097250840566,20.045081128148
216,217.0,3.225189161729031,3.7003097250840566,21.508613177093164
217,218.0,3.225189161729031,3.7003097250840566,21.508613177093164
218,219.0,3.225189161729031,3.7003097250840566,20.045081128148
219,220.0,3.225189161729031,3.7003097250840566,18.581549079202826
220,221.0,3.225189161729031,3.7003097250840566,18.581549079202826
221,222.0,3.225189161729031,3.7003097250840566,18.581549079202826
222,223.0,3.225189161729031,5.483281765471725,17.118017030257654
223,224.0,3.225189161729031,5.483281765471725,17.118017030257654
224,225.0,3.225189161729031,3.7003097250840566,18.581549079202826
225,226.0,3.225189161729031,3.7003097250840566,18.581549079202826
226,227.0,3.225189161729031,3.7003097250840566,18.581549079202826
227,228.0,4.618892369556983,5.483281765471725,15.654484981312478
228,229.0,3.225189161729031,7.266253805859394,17.118017030257654
229,230.0,4.618892369556983,7.266253805859394,17.118017030257654
230,231.0,4.618892369556983,5.483281765471725,17.118017030257654
231,232.0,4.618892369556983,10.832197886634733,17.118017030257654
232,233.0,4.618892369556983,9.049225846247063,15.654484981312478
233,234.0,4.618892369556983,9.049225846247063,17.118017030257654
234,235.0,7.406298785212886,7.266253805859394,15.654484981312478
235,236.0,8.800001993040837,9.049225846247063,15.654484981312478
236,237.0,7.406298785212886,10.832197886634733,15.654484981312478
237,238.0,7.406298785212886,10.832197886634733,17.118017030257654
238,239.0,7.406298785212886,10.832197886634733,18.581549079202826
239,240.0,7.406298785212886,10.832197886634733,18.581549079202826
240,241.0,7.406298785212886,10.832197886634733,17.118017030257654
241,242.0,7.406298785212886,1.9173376846963879,20.045081128148
242,243.0,1.8314859539010793,5.483281765471725,9.800356785531791
243,244.0,1.8314859539010793,1.9173376846963879,18.581549079202826
244,245.0,1.8314859539010793,5.483281765471725,18.581549079202826
245,246.0,8.800001993040837,3.7003097250840566,11.263888834476965
246,247.0,3.225189161729031,7.266253805859394,22.97214522603834
247,248.0,11.587408408696724,14.39814196741005,28.826273421819035
248,249.0,12.981111616524679,5.483281765471725,22.97214522603834
249,250.0,11.587408408696724,16.181114007797717,9.800356785531791
250,251.0,3.225189161729031,17.96408604818539,9.800356785531791
251,252.0,3.225189161729031,16.181114007797717,25.899209323928687
252,253.0,3.225189161729031,17.96408604818539,28.826273421819035
253,254.0,11.587408408696724,16.181114007797717,30.289805470764207
254,255.0,12.981111616524679,16.181114007797717,27.36274137287386
255,256.0,12.981111616524679,17.96408604818539,28.826273421819035
256,257.0,12.981111616524679,12.615169927022382,28.826273421819035
257,258.0,11.587408408696724,12.615169927022382,31.753337519709383
258,259.0,11.587408408696724,12.615169927022382,34.68040161759971
259,260.0,14.37481482435263,9.049225846247063,39.07099776443523
260,261.0,12.981111616524679,12.615169927022382,37.60746571549006
261,262.0,14.37481482435263,9.049225846247063,34.68040161759971
262,263.0,14.37481482435263,12.615169927022382,34.68040161759971
263,264.0,11.587408408696724,7.266253805859394,34.68040161759971
264,265.0,10.193705200868774,7.266253805859394,33.21686956865456
265,266.0,11.587408408696724,7.266253805859394,37.60746571549006
266,267.0,12.981111616524679,10.832197886634733,39.07099776443523
267,268.0,8.800001993040837,1.9173376846963879,36.14393366654488
268,269.0,10.193705200868774,-1.64860639607895,33.21686956865456
269,270.0,7.406298785212886,-1.64860639607895,34.68040161759971
270,271.0,7.406298785212886,0.13436564430871878,36.14393366654488
271,272.0,6.012595577384935,-1.64860639607895,30.289805470764207
272,273.0,6.012595577384935,-1.64860639607895,28.826273421819035
273,274.0,6.012595577384935,-1.64860639607895,30.289805470764207
274,275.0,3.225189161729031,1.9173376846963879,30.289805470764207
275,276.0,4.618892369556983,-3.431578436466619,33.21686956865456
276,277.0,6.012595577384935,-3.431578436466619,33.21686956865456
277,278.0,1.8314859539010793,-1.64860639607895,24.43567727498351
278,279.0,3.225189161729031,1.9173376846963879,25.899209323928687
279,280.0,1.8314859539010793,-3.431578436466619,27.36274137287386
280,281.0,1.8314859539010793,-1.64860639607895,28.826273421819035
281,282.0,1.8314859539010793,-1.64860639607895,25.899209323928687
282,283.0,1.8314859539010793,-1.64860639607895,27.36274137287386
283,284.0,0.4377827460731276,1.9173376846963879,27.36274137287386
284,285.0,3.225189161729031,-8.780494557629615,24.43567727498351
285,286.0,-5.137030085238671,-1.64860639607895,22.97214522603834
286,287.0,0.4377827460731276,-1.64860639607895,22.97214522603834
287,288.0,0.4377827460731276,-8.780494557629615,24.43567727498351
288,289.0,3.225189161729031,3.7003097250840566,21.508613177093164
289,290.0,3.225189161729031,1.9173376846963879,21.508613177093164
290,291.0,0.4377827460731276,3.7003097250840566,21.508613177093164
291,292.0,3.225189161729031,3.7003097250840566,20.045081128148
292,293.0,3.225189161729031,-1.64860639607895,20.045081128148
293,294.0,-0.955920461754824,-1.64860639607895,18.581549079202826
294,295.0,3.225189161729031,3.7003097250840566,20.045081128148
295,296.0,-0.955920461754824,-3.431578436466619,24.43567727498351
296,297.0,-7.924436500894575,-8.780494557629615,24.43567727498351
297,298.0,-2.349623669582776,-8.780494557629615,17.118017030257654
298,299.0,-7.924436500894575,-1.64860639607895,24.43567727498351
299,300.0,-2.349623669582776,-5.214550476854278,24.43567727498351
300,301.0,-0.955920461754824,-8.780494557629615,14.190952932367304
301,302.0,-6.530733293066623,-8.780494557629615,24.43567727498351
302,303.0,1.8314859539010793,-1.64860639607895,12.72742088342213
303,304.0,-3.74332687741072,-3.431578436466619,11.263888834476965
304,305.0,0.4377827460731276,7.266253805859394,11.263888834476965
305,306.0,-0.955920461754824,-1.64860639607895,25.899209323928687
306,307.0,1.8314859539010793,-3.431578436466619,14.190952932367304
307,308.0,-0.955920461754824,-10.563466598017284,11.263888834476965
308,309.0,7.406298785212886,-8.780494557629615,11.263888834476965
309,310.0,-3.74332687741072,-3.431578436466619,15.654484981312478
310,311.0,-3.74332687741072,-3.431578436466619,14.190952932367304
311,312.0,0.4377827460731276,-8.780494557629615,14.190952932367304
312,313.0,-2.349623669582776,-10.563466598017284,12.72742088342213
313,314.0,0.4377827460731276,-10.563466598017284,12.72742088342213
314,315.0,-9.318139708722526,-3.431578436466619,25.899209323928687
315,316.0,-2.349623669582776,-5.214550476854278,25.899209323928687
316,317.0,-2.349623669582776,-19.478326799955617,20.045081128148
317,318.0,-2.349623669582776,-6.997522517241947,28.826273421819035
318,319.0,-7.924436500894575,-8.780494557629615,15.654484981312478
319,320.0,-5.137030085238671,-14.129410678792622,11.263888834476965
320,321.0,-7.924436500894575,-12.346438638404953,11.263888834476965
321,322.0,-5.137030085238671,-21.261298840343287,11.263888834476965
322,323.0,-3.74332687741072,-8.780494557629615,22.97214522603834
323,324.0,-6.530733293066623,-19.478326799955617,21.508613177093164
324,325.0,-9.318139708722526,-10.563466598017284,14.190952932367304
325,326.0,-9.318139708722526,-5.214550476854278,15.654484981312478
326,327.0,-6.530733293066623,-8.780494557629615,14.190952932367304
327,328.0,-2.349623669582776,-19.478326799955617,14.190952932367304
328,329.0,-6.530733293066623,-19.478326799955617,11.263888834476965
329,330.0,-6.530733293066623,-10.563466598017284,18.581549079202826
330,331.0,-9.318139708722526,-14.129410678792622,14.190952932367304
331,332.0,-10.711842916550477,-12.346438638404953,11.263888834476965
332,333.0,-3.74332687741072,-19.478326799955617,11.263888834476965
333,334.0,-7.924436500894575,-8.780494557629615,15.654484981312478
334,335.0,-13.499249332206375,-5.214550476854278,25.899209323928687
335,336.0,-7.924436500894575,-3.431578436466619,40.53452981338041
336,337.0,-14.892952540034326,-10.563466598017284,43.461593911270754
337,338.0,-16.28665574786228,-14.129410678792622,36.14393366654488
338,339.0,-16.28665574786228,-6.997522517241947,30.289805470764207
339,340.0,-10.711842916550477,-3.431578436466619,44.92512596021593
340,341.0,-7.924436500894575,-3.431578436466619,43.461593911270754
341,342.0,-14.892952540034326,-5.214550476854278,37.60746571549006
342,343.0,-7.924436500894575,-10.563466598017284,39.07099776443523
343,344.0,-17.68035895569023,-3.431578436466619,41.998061862325585
344,345.0,-6.530733293066623,-1.64860639607895,39.07099776443523
345,346.0,-7.924436500894575,1.9173376846963879,28.826273421819035
346,347.0,-6.530733293066623,-17.695354759567948,28.826273421819035
347,348.0,-7.924436500894575,-19.478326799955617,28.826273421819035
348,349.0,-6.530733293066623,-6.997522517241947,33.21686956865456
349,350.0,0.4377827460731276,5.483281765471725,24.43567727498351
350,351.0,-6.530733293066623,-17.695354759567948,24.43567727498351
351,352.0,-6.530733293066623,-6.997522517241947,36.14393366654488
352,353.0,-7.924436500894575,-6.997522517241947,30.289805470764207
353,354.0,1.8314859539010793,-6.997522517241947,36.14393366654488
354,355.0,-6.530733293066623,7.266253805859394,24.43567727498351
355,356.0,-6.530733293066623,7.266253805859394,41.998061862325585
356,357.0,0.4377827460731276,7.266253805859394,43.461593911270754
357,358.0,-3.74332687741072,7.266253805859394,28.826273421819035
358,359.0,-10.711842916550477,7.266253805859394,30.289805470764207
359,360.0,0.4377827460731276,5.483281765471725,24.43567727498351
360,361.0,0.4377827460731276,3.7003097250840566,27.36274137287386
361,362.0,-17.68035895569023,7.266253805859394,43.461593911270754
362,363.0,0.4377827460731276,7.266253805859394,36.14393366654488
363,364.0,-17.68035895569023,3.7003097250840566,25.899209323928687
364,365.0,-3.74332687741072,7.266253805859394,28.826273421819035
365,366.0,1.8314859539010793,7.266253805859394,25.899209323928687
366,367.0,6.012595577384935,7.266253805859394,20.045081128148
367,368.0,1.8314859539010793,3.7003097250840566,22.97214522603834
368,369.0,6.012595577384935,5.483281765471725,22.97214522603834
369,370.0,3.225189161729031,7.266253805859394,25.899209323928687
370,371.0,4.618892369556983,3.7003097250840566,22.97214522603834
371,372.0,1.8314859539010793,7.266253805859394,24.43567727498351
372,373.0,4.618892369556983,3.7003097250840566,21.508613177093164
373,374.0,4.618892369556983,7.266253805859394,24.43567727498351
374,375.0,4.618892369556983,7.266253805859394,22.97214522603834
375,376.0,3.225189161729031,5.483281765471725,21.508613177093164
376,377.0,-0.955920461754824,7.266253805859394,18.581549079202826
377,378.0,6.012595577384935,7.266253805859394,22.97214522603834
378,379.0,4.618892369556983,7.266253805859394,18.581549079202826
379,380.0,-0.955920461754824,9.049225846247063,15.654484981312478
380,381.0,4.618892369556983,-1.64860639607895,18.581549079202826
381,382.0,7.406298785212886,-1.64860639607895,22.97214522603834
382,383.0,7.406298785212886,9.049225846247063,15.654484981312478
383,384.0,7.406298785212886,7.266253805859394,18.581549079202826
384,385.0,7.406298785212886,7.266253805859394,22.97214522603834
385,386.0,4.618892369556983,-1.64860639607895,18.581549079202826
386,387.0,10.193705200868774,10.832197886634733,18.581549079202826
387,388.0,7.406298785212886,10.832197886634733,22.97214522603834
388,389.0,3.225189161729031,12.615169927022382,30.289805470764207
389,390.0,10.193705200868774,9.049225846247063,21.508613177093164
390,391.0,7.406298785212886,12.615169927022382,24.43567727498351
391,392.0,8.800001993040837,12.615169927022382,28.826273421819035
392,393.0,11.587408408696724,10.832197886634733,20.045081128148
393,394.0,8.800001993040837,16.181114007797717,25.899209323928687
394,395.0,6.012595577384935,12.615169927022382,24.43567727498351
395,396.0,8.800001993040837,10.832197886634733,22.97214522603834
396,397.0,6.012595577384935,10.832197886634733,21.508613177093164
397,398.0,7.406298785212886,12.615169927022382,18.581549079202826
398,399.0,11.587408408696724,12.615169927022382,27.36274137287386
399,400.0,8.800001993040837,12.615169927022382,25.899209323928687
400,401.0,3.225189161729031,10.832197886634733,22.97214522603834
401,402.0,7.406298785212886,14.39814196741005,22.97214522603834
402,403.0,7.406298785212886,12.615169927022382,22.97214522603834
403,404.0,11.587408408696724,0.13436564430871878,37.60746571549006
404,405.0,10.193705200868774,5.483281765471725,31.753337519709383
405,406.0,4.618892369556983,0.13436564430871878,31.753337519709383
406,407.0,6.012595577384935,3.7003097250840566,31.753337519709383
407,408.0,7.406298785212886,14.39814196741005,28.826273421819035
408,409.0,8.800001993040837,3.7003097250840566,31.753337519709383
409,410.0,11.587408408696724,9.049225846247063,28.826273421819035
410,411.0,10.193705200868774,3.7003097250840566,37.60746571549006
411,412.0,8.800001993040837,16.181114007797717,31.753337519709383
412,413.0,4.618892369556983,3.7003097250840566,30.289805470764207
413,414.0,4.618892369556983,9.049225846247063,25.899209323928687
414,415.0,7.406298785212886,16.181114007797717,36.14393366654488
415,416.0,7.406298785212886,7.266253805859394,30.289805470764207
416,417.0,10.193705200868774,9.049225846247063,31.753337519709383
417,418.0,10.193705200868774,0.13436564430871878,31.753337519709383
418,419.0,10.193705200868774,5.483281765471725,31.753337519709383
419,420.0,11.587408408696724,5.483281765471725,34.68040161759971
420,421.0,10.193705200868774,3.7003097250840566,31.753337519709383
421,422.0,12.981111616524679,3.7003097250840566,28.826273421819035
422,423.0,7.406298785212886,7.266253805859394,31.753337519709383
423,424.0,3.225189161729031,16.181114007797717,28.826273421819035
424,425.0,10.193705200868774,3.7003097250840566,30.289805470764207
425,426.0,4.618892369556983,10.832197886634733,30.289805470764207
426,427.0,6.012595577384935,9.049225846247063,33.21686956865456
427,428.0,0.4377827460731276,0.13436564430871878,25.899209323928687
428,429.0,0.4377827460731276,0.13436564430871878,20.045081128148
429,430.0,4.618892369556983,0.13436564430871878,20.045081128148
430,431.0,1.8314859539010793,0.13436564430871878,25.899209323928687
431,432.0,0.4377827460731276,0.13436564430871878,20.045081128148
432,433.0,6.012595577384935,0.13436564430871878,20.045081128148
433,434.0,4.618892369556983,5.483281765471725,20.045081128148
434,435.0,4.618892369556983,9.049225846247063,22.97214522603834
435,436.0,1.8314859539010793,0.13436564430871878,20.045081128148
436,437.0,4.618892369556983,7.266253805859394,25.899209323928687
437,438.0,3.225189161729031,9.049225846247063,15.654484981312478
438,439.0,3.225189161729031,0.13436564430871878,20.045081128148
439,440.0,4.618892369556983,9.049225846247063,24.43567727498351
440,441.0,4.618892369556983,0.13436564430871878,20.045081128148
441,442.0,0.4377827460731276,0.13436564430871878,21.508613177093164
442,443.0,0.4377827460731276,0.13436564430871878,22.97214522603834
443,444.0,0.4377827460731276,3.7003097250840566,21.508613177093164
444,445.0,4.618892369556983,0.13436564430871878,20.045081128148
445,446.0,1.8314859539010793,0.13436564430871878,18.581549079202826
446,447.0,4.618892369556983,3.7003097250840566,21.508613177093164
447,448.0,6.012595577384935,0.13436564430871878,14.190952932367304
448,449.0,6.012595577384935,12.615169927022382,21.508613177093164
449,450.0,8.800001993040837,14.39814196741005,20.045081128148
450,451.0,7.406298785212886,14.39814196741005,24.43567727498351
451,452.0,10.193705200868774,14.39814196741005,22.97214522603834
452,453.0,8.800001993040837,12.615169927022382,21.508613177093164
453,454.0,10.193705200868774,10.832197886634733,22.97214522603834
454,455.0,10.193705200868774,10.832197886634733,22.97214522603834
455,456.0,7.406298785212886,12.615169927022382,20.045081128148
456,457.0,10.193705200868774,9.049225846247063,21.508613177093164
457,458.0,7.406298785212886,14.39814196741005,22.97214522603834
458,459.0,10.193705200868774,14.39814196741005,20.045081128148
459,460.0,10.193705200868774,14.39814196741005,21.508613177093164
460,461.0,8.800001993040837,10.832197886634733,22.97214522603834
461,462.0,8.800001993040837,12.615169927022382,21.508613177093164
462,463.0,8.800001993040837,1.9173376846963879,20.045081128148
463,464.0,1.8314859539010793,5.483281765471725,9.800356785531791
464,465.0,10.193705200868774,1.9173376846963879,9.800356785531791
465,466.0,1.8314859539010793,3.7003097250840566,11.263888834476965
466,467.0,1.8314859539010793,1.9173376846963879,9.800356785531791
467,468.0,3.225189161729031,7.266253805859394,27.36274137287386
468,469.0,12.981111616524679,17.96408604818539,30.289805470764207
469,470.0,11.587408408696724,14.39814196741005,30.289805470764207
470,471.0,11.587408408696724,14.39814196741005,30.289805470764207
471,472.0,11.587408408696724,16.181114007797717,30.289805470764207
472,473.0,12.981111616524679,14.39814196741005,28.826273421819035
473,474.0,12.981111616524679,16.181114007797717,37.60746571549006
474,475.0,11.587408408696724,10.832197886634733,36.14393366654488
475,476.0,14.37481482435263,9.049225846247063,34.68040161759971
476,477.0,14.37481482435263,12.615169927022382,39.07099776443523
477,478.0,11.587408408696724,9.049225846247063,37.60746571549006
478,479.0,14.37481482435263,9.049225846247063,37.60746571549006
479,480.0,11.587408408696724,10.832197886634733,39.07099776443523
480,481.0,11.587408408696724,1.9173376846963879,39.07099776443523
481,482.0,12.981111616524679,10.832197886634733,37.60746571549006
482,483.0,11.587408408696724,1.9173376846963879,39.07099776443523
483,484.0,12.981111616524679,5.483281765471725,39.07099776443523
484,485.0,10.193705200868774,5.483281765471725,33.21686956865456
485,486.0,7.406298785212886,0.13436564430871878,34.68040161759971
486,487.0,8.800001993040837,1.9173376846963879,36.14393366654488
487,488.0,8.800001993040837,0.13436564430871878,37.60746571549006
488,489.0,7.406298785212886,1.9173376846963879,31.753337519709383
489,490.0,6.012595577384935,-1.64860639607895,28.826273421819035
490,491.0,4.618892369556983,-1.64860639607895,30.289805470764207
491,492.0,6.012595577384935,-1.64860639607895,30.289805470764207
492,493.0,6.012595577384935,1.9173376846963879,30.289805470764207
493,494.0,6.012595577384935,-3.431578436466619,28.826273421819035
494,495.0,4.618892369556983,-1.64860639607895,25.899209323928687
495,496.0,3.225189161729031,1.9173376846963879,25.899209323928687
496,497.0,1.8314859539010793,-1.64860639607895,25.899209323928687
497,498.0,4.618892369556983,-1.64860639607895,27.36274137287386
498,499.0,1.8314859539010793,-1.64860639607895,24.43567727498351
499,500.0,1.8314859539010793,-1.64860639607895,27.36274137287386
500,501.0,3.225189161729031,1.9173376846963879,24.43567727498351
501,502.0,4.618892369556983,1.9173376846963879,22.97214522603834
502,503.0,-5.137030085238671,1.9173376846963879,22.97214522603834
503,504.0,3.225189161729031,-8.780494557629615,22.97214522603834
504,505.0,3.225189161729031,3.7003097250840566,21.508613177093164
505,506.0,-0.955920461754824,1.9173376846963879,18.581549079202826
506,507.0,-0.955920461754824,3.7003097250840566,20.045081128148
507,508.0,-0.955920461754824,-1.64860639607895,21.508613177093164
508,509.0,3.225189161729031,3.7003097250840566,20.045081128148
509,510.0,3.225189161729031,3.7003097250840566,21.508613177093164
510,511.0,3.225189161729031,3.7003097250840566,18.581549079202826
511,512.0,3.225189161729031,3.7003097250840566,20.045081128148
512,513.0,3.225189161729031,5.483281765471725,18.581549079202826
513,514.0,3.225189161729031,5.483281765471725,18.581549079202826
514,515.0,3.225189161729031,5.483281765471725,20.045081128148
515,516.0,3.225189161729031,5.483281765471725,17.118017030257654
516,517.0,3.225189161729031,3.7003097250840566,17.118017030257654
517,518.0,4.618892369556983,7.266253805859394,15.654484981312478
518,519.0,3.225189161729031,10.832197886634733,17.118017030257654
519,520.0,7.406298785212886,7.266253805859394,17.118017030257654
520,521.0,4.618892369556983,5.483281765471725,21.508613177093164
521,522.0,4.618892369556983,7.266253805859394,21.508613177093164
522,523.0,7.406298785212886,10.832197886634733,15.654484981312478
523,524.0,8.800001993040837,9.049225846247063,17.118017030257654
524,525.0,8.800001993040837,9.049225846247063,21.508613177093164
525,526.0,6.012595577384935,10.832197886634733,15.654484981312478
526,527.0,7.406298785212886,12.615169927022382,17.118017030257654
527,528.0,7.406298785212886,10.832197886634733,18.581549079202826
528,529.0,7.406298785212886,12.615169927022382,17.118017030257654
529,530.0,1.8314859539010793,1.9173376846963879,9.800356785531791
530,531.0,1.8314859539010793,1.9173376846963879,20.045081128148
531,532.0,8.800001993040837,14.39814196741005,17.118017030257654
532,533.0,10.193705200868774,14.39814196741005,18.581549079202826
533,534.0,1.8314859539010793,1.9173376846963879,9.800356785531791
534,535.0,1.8314859539010793,1.9173376846963879,17.118017030257654
535,536.0,1.8314859539010793,16.181114007797717,9.800356785531791
536,537.0,7.406298785212886,10.832197886634733,9.800356785531791
537,538.0,3.225189161729031,14.39814196741005,9.800356785531791
538,539.0,11.587408408696724,17.96408604818539,24.43567727498351
539,540.0,12.981111616524679,16.181114007797717,28.826273421819035
540,541.0,3.225189161729031,16.181114007797717,25.899209323928687
541,542.0,14.37481482435263,17.96408604818539,28.826273421819035
542,543.0,3.225189161729031,16.181114007797717,28.826273421819035
543,544.0,14.37481482435263,16.181114007797717,39.07099776443523
544,545.0,11.587408408696724,16.181114007797717,39.07099776443523
545,546.0,11.587408408696724,16.181114007797717,31.753337519709383
546,547.0,14.37481482435263,12.615169927022382,37.60746571549006
547,548.0,11.587408408696724,9.049225846247063,37.60746571549006
548,549.0,14.37481482435263,10.832197886634733,39.07099776443523
549,550.0,11.587408408696724,9.049225846247063,34.68040161759971
550,551.0,11.587408408696724,7.266253805859394,39.07099776443523
551,552.0,10.193705200868774,1.9173376846963879,37.60746571549006
552,553.0,12.981111616524679,5.483281765471725,39.07099776443523
553,554.0,12.981111616524679,1.9173376846963879,39.07099776443523
554,555.0,12.981111616524679,9.049225846247063,39.07099776443523
555,556.0,8.800001993040837,-1.64860639607895,36.14393366654488
556,557.0,7.406298785212886,0.13436564430871878,31.753337519709383
557,558.0,8.800001993040837,3.7003097250840566,33.21686956865456
558,559.0,11.587408408696724,1.9173376846963879,37.60746571549006
559,560.0,6.012595577384935,-3.431578436466619,31.753337519709383
560,561.0,6.012595577384935,-1.64860639607895,33.21686956865456
561,562.0,6.012595577384935,-1.64860639607895,30.289805470764207
562,563.0,6.012595577384935,-1.64860639607895,28.826273421819035
563,564.0,7.406298785212886,-1.64860639607895,28.826273421819035
564,565.0,6.012595577384935,-1.64860639607895,30.289805470764207
565,566.0,0.4377827460731276,1.9173376846963879,25.899209323928687
566,567.0,4.618892369556983,-1.64860639607895,25.899209323928687
567,568.0,1.8314859539010793,-3.431578436466619,27.36274137287386
568,569.0,3.225189161729031,-3.431578436466619,28.826273421819035
569,570.0,4.618892369556983,-1.64860639607895,25.899209323928687
570,571.0,1.8314859539010793,-1.64860639607895,27.36274137287386
571,572.0,-0.955920461754824,-1.64860639607895,25.899209323928687
572,573.0,-0.955920461754824,-1.64860639607895,22.97214522603834
573,574.0,4.618892369556983,-8.780494557629615,22.97214522603834
574,575.0,-6.530733293066623,1.9173376846963879,25.899209323928687
575,576.0,1.8314859539010793,-1.64860639607895,24.43567727498351
576,577.0,3.225189161729031,-1.64860639607895,20.045081128148
577,578.0,-0.955920461754824,1.9173376846963879,21.508613177093164
578,579.0,-0.955920461754824,3.7003097250840566,20.045081128148
579,580.0,-0.955920461754824,3.7003097250840566,21.508613177093164
580,581.0,0.4377827460731276,1.9173376846963879,21.508613177093164
581,582.0,-0.955920461754824,-1.64860639607895,20.045081128148
582,583.0,-2.349623669582776,-8.780494557629615,24.43567727498351
583,584.0,-0.955920461754824,-10.563466598017284,24.43567727498351
584,585.0,0.4377827460731276,-3.431578436466619,17.118017030257654
585,586.0,-6.530733293066623,-1.64860639607895,24.43567727498351
586,587.0,-0.955920461754824,-8.780494557629615,15.654484981312478
587,588.0,-2.349623669582776,-8.780494557629615,17.118017030257654
588,589.0,-0.955920461754824,-8.780494557629615,25.899209323928687
589,590.0,-0.955920461754824,-1.64860639607895,18.581549079202826
590,591.0,0.4377827460731276,-10.563466598017284,14.190952932367304
591,592.0,4.618892369556983,-6.997522517241947,14.190952932367304
592,593.0,-2.349623669582776,-8.780494557629615,12.72742088342213
593,594.0,-0.955920461754824,-3.431578436466619,25.899209323928687
594,595.0,1.8314859539010793,9.049225846247063,11.263888834476965
595,596.0,-9.318139708722526,9.049225846247063,12.72742088342213
596,597.0,-2.349623669582776,-3.431578436466619,17.118017030257654
597,598.0,-2.349623669582776,-10.563466598017284,11.263888834476965
598,599.0,0.4377827460731276,1.9173376846963879,14.190952932367304
599,600.0,-9.318139708722526,-5.214550476854278,21.508613177093164
600,601.0,0.4377827460731276,-5.214550476854278,25.899209323928687
601,602.0,0.4377827460731276,-10.563466598017284,12.72742088342213
602,603.0,-0.955920461754824,-5.214550476854278,11.263888834476965
603,604.0,-12.105546124378424,-10.563466598017284,12.72742088342213
604,605.0,-3.74332687741072,-12.346438638404953,18.581549079202826
605,606.0,-5.137030085238671,-10.563466598017284,17.118017030257654
606,607.0,-6.530733293066623,-19.478326799955617,11.263888834476965
607,608.0,-9.318139708722526,-5.214550476854278,11.263888834476965
608,609.0,-5.137030085238671,-8.780494557629615,22.97214522603834
609,610.0,-9.318139708722526,-14.129410678792622,12.72742088342213
610,611.0,-6.530733293066623,-5.214550476854278,18.581549079202826
611,612.0,-2.349623669582776,-5.214550476854278,22.97214522603834
612,613.0,-5.137030085238671,-8.780494557629615,11.263888834476965
613,614.0,-10.711842916550477,-19.478326799955617,14.190952932367304
614,615.0,-10.711842916550477,5.483281765471725,12.72742088342213
615,616.0,-7.924436500894575,-14.129410678792622,15.654484981312478
616,617.0,-2.349623669582776,-14.129410678792622,25.899209323928687
617,618.0,-2.349623669582776,-5.214550476854278,14.190952932367304
618,619.0,-14.892952540034326,-10.563466598017284,11.263888834476965
619,620.0,-10.711842916550477,-10.563466598017284,14.190952932367304
620,621.0,-6.530733293066623,-3.431578436466619,11.263888834476965
621,622.0,-12.105546124378424,-19.478326799955617,41.998061862325585
622,623.0,-10.711842916550477,-8.780494557629615,41.998061862325585
623,624.0,-16.28665574786228,1.9173376846963879,37.60746571549006
624,625.0,-16.28665574786228,-3.431578436466619,30.289805470764207
625,626.0,-16.28665574786228,-6.997522517241947,28.826273421819035
626,627.0,-16.28665574786228,-14.129410678792622,41.998061862325585
627,628.0,-16.28665574786228,-6.997522517241947,37.60746571549006
628,629.0,-12.105546124378424,-14.129410678792622,30.289805470764207
629,630.0,-6.530733293066623,-5.214550476854278,36.14393366654488
630,631.0,-6.530733293066623,-10.563466598017284,37.60746571549006
631,632.0,-17.68035895569023,0.13436564430871878,27.36274137287386
632,633.0,-7.924436500894575,-5.214550476854278,20.045081128148
633,634.0,-12.105546124378424,-10.563466598017284,34.68040161759971
634,635.0,-16.28665574786228,-8.780494557629615,27.36274137287386
635,636.0,3.225189161729031,5.483281765471725,27.36274137287386
636,637.0,-3.74332687741072,-8.780494557629615,31.753337519709383
637,638.0,-6.530733293066623,-6.997522517241947,39.07099776443523
638,639.0,-9.318139708722526,3.7003097250840566,24.43567727498351
639,640.0,-6.530733293066623,5.483281765471725,28.826273421819035
640,641.0,-6.530733293066623,-6.997522517241947,24.43567727498351
641,642.0,-17.68035895569023,3.7003097250840566,34.68040161759971
642,643.0,0.4377827460731276,3.7003097250840566,24.43567727498351
643,644.0,0.4377827460731276,5.483281765471725,36.14393366654488
644,645.0,-6.530733293066623,3.7003097250840566,34.68040161759971
645,646.0,-6.530733293066623,5.483281765471725,43.461593911270754
646,647.0,-6.530733293066623,7.266253805859394,30.289805470764207
647,648.0,-9.318139708722526,-6.997522517241947,34.68040161759971
648,649.0,0.4377827460731276,7.266253805859394,33.21686956865456
649,650.0,-5.137030085238671,5.483281765471725,24.43567727498351
650,651.0,0.4377827460731276,-6.997522517241947,24.43567727498351
651,652.0,3.225189161729031,7.266253805859394,22.97214522603834
652,653.0,4.618892369556983,7.266253805859394,18.581549079202826
653,654.0,1.8314859539010793,5.483281765471725,22.97214522603834
654,655.0,6.012595577384935,7.266253805859394,22.97214522603834
655,656.0,3.225189161729031,7.266253805859394,22.97214522603834
656,657.0,3.225189161729031,5.483281765471725,18.581549079202826
657,658.0,1.8314859539010793,9.049225846247063,22.97214522603834
658,659.0,4.618892369556983,5.483281765471725,18.581549079202826
659,660.0,1.8314859539010793,0.13436564430871878,24.43567727498351
660,661.0,1.8314859539010793,5.483281765471725,24.43567727498351
661,662.0,3.225189161729031,5.483281765471725,22.97214522603834
662,663.0,-0.955920461754824,-1.64860639607895,22.97214522603834
663,664.0,6.012595577384935,9.049225846247063,22.97214522603834
664,665.0,-0.955920461754824,9.049225846247063,22.97214522603834
665,666.0,6.012595577384935,9.049225846247063,22.97214522603834
666,667.0,4.618892369556983,7.266253805859394,18.581549079202826
667,668.0,4.618892369556983,-1.64860639607895,18.581549079202826
668,669.0,4.618892369556983,9.049225846247063,17.118017030257654
669,670.0,4.618892369556983,7.266253805859394,22.97214522603834
670,671.0,7.406298785212886,10.832197886634733,22.97214522603834
671,672.0,7.406298785212886,7.266253805859394,22.97214522603834
672,673.0,6.012595577384935,10.832197886634733,24.43567727498351
673,674.0,10.193705200868774,12.615169927022382,21.508613177093164
674,675.0,11.587408408696724,7.266253805859394,22.97214522603834
675,676.0,10.193705200868774,10.832197886634733,25.899209323928687
676,677.0,8.800001993040837,16.181114007797717,25.899209323928687
677,678.0,3.225189161729031,14.39814196741005,25.899209323928687
678,679.0,10.193705200868774,9.049225846247063,18.581549079202826
679,680.0,7.406298785212886,12.615169927022382,28.826273421819035
680,681.0,10.193705200868774,12.615169927022382,24.43567727498351
681,682.0,3.225189161729031,10.832197886634733,18.581549079202826
682,683.0,6.012595577384935,10.832197886634733,18.581549079202826
683,684.0,10.193705200868774,16.181114007797717,25.899209323928687
684,685.0,10.193705200868774,12.615169927022382,22.97214522603834
685,686.0,10.193705200868774,12.615169927022382,24.43567727498351
686,687.0,11.587408408696724,10.832197886634733,22.97214522603834
687,688.0,6.012595577384935,12.615169927022382,18.581549079202826
688,689.0,11.587408408696724,12.615169927022382,18.581549079202826
689,690.0,8.800001993040837,16.181114007797717,28.826273421819035
690,691.0,10.193705200868774,9.049225846247063,37.60746571549006
691,692.0,12.981111616524679,14.39814196741005,34.68040161759971
692,693.0,12.981111616524679,0.13436564430871878,36.14393366654488
693,694.0,7.406298785212886,9.049225846247063,30.289805470764207
694,695.0,8.800001993040837,0.13436564430871878,25.899209323928687
695,696.0,4.618892369556983,3.7003097250840566,30.289805470764207
696,697.0,4.618892369556983,10.832197886634733,31.753337519709383
697,698.0,8.800001993040837,0.13436564430871878,25.899209323928687
698,699.0,10.193705200868774,1.9173376846963879,31.753337519709383
699,700.0,3.225189161729031,12.615169927022382,28.826273421819035
700,701.0,7.406298785212886,16.181114007797717,36.14393366654488
701,702.0,10.193705200868774,3.7003097250840566,31.753337519709383
702,703.0,6.012595577384935,1.9173376846963879,28.826273421819035
703,704.0,7.406298785212886,3.7003097250840566,28.826273421819035
704,705.0,6.012595577384935,3.7003097250840566,36.14393366654488
705,706.0,6.012595577384935,7.266253805859394,28.826273421819035
706,707.0,10.193705200868774,0.13436564430871878,28.826273421819035
707,708.0,12.981111616524679,10.832197886634733,25.899209323928687
708,709.0,6.012595577384935,0.13436564430871878,31.753337519709383
709,710.0,10.193705200868774,5.483281765471725,27.36274137287386
710,711.0,6.012595577384935,5.483281765471725,30.289805470764207
711,712.0,8.800001993040837,9.049225846247063,31.753337519709383
712,713.0,10.193705200868774,9.049225846247063,33.21686956865456
713,714.0,4.618892369556983,12.615169927022382,27.36274137287386
714,715.0,0.4377827460731276,0.13436564430871878,20.045081128148
715,716.0,1.8314859539010793,0.13436564430871878,17.118017030257654
716,717.0,0.4377827460731276,5.483281765471725,17.118017030257654
717,718.0,4.618892369556983,3.7003097250840566,21.508613177093164
718,719.0,0.4377827460731276,0.13436564430871878,22.97214522603834
719,720.0,1.8314859539010793,5.483281765471725,21.508613177093164
720,721.0,4.618892369556983,9.049225846247063,21.508613177093164
721,722.0,0.4377827460731276,5.483281765471725,17.118017030257654
722,723.0,0.4377827460731276,0.13436564430871878,22.97214522603834
723,724.0,0.4377827460731276,0.13436564430871878,20.045081128148
724,725.0,6.012595577384935,7.266253805859394,22.97214522603834
725,726.0,0.4377827460731276,10.832197886634733,20.045081128148
726,727.0,4.618892369556983,0.13436564430871878,15.654484981312478
727,728.0,0.4377827460731276,3.7003097250840566,21.508613177093164
728,729.0,0.4377827460731276,0.13436564430871878,20.045081128148
729,730.0,0.4377827460731276,7.266253805859394,22.97214522603834
730,731.0,3.225189161729031,0.13436564430871878,22.97214522603834
731,732.0,6.012595577384935,0.13436564430871878,22.97214522603834
732,733.0,4.618892369556983,5.483281765471725,18.581549079202826
733,734.0,0.4377827460731276,0.13436564430871878,20.045081128148
734,735.0,11.587408408696724,10.832197886634733,25.899209323928687
735,736.0,8.800001993040837,14.39814196741005,25.899209323928687
736,737.0,8.800001993040837,10.832197886634733,22.97214522603834
737,738.0,8.800001993040837,14.39814196741005,21.508613177093164
738,739.0,7.406298785212886,14.39814196741005,18.581549079202826
739,740.0,8.800001993040837,14.39814196741005,22.97214522603834
740,741.0,8.800001993040837,12.615169927022382,20.045081128148
741,742.0,10.193705200868774,10.832197886634733,20.045081128148
742,743.0,10.193705200868774,14.39814196741005,25.899209323928687
743,744.0,7.406298785212886,12.615169927022382,22.97214522603834
744,745.0,8.800001993040837,12.615169927022382,20.045081128148
745,746.0,8.800001993040837,12.615169927022382,25.899209323928687
746,747.0,7.406298785212886,10.832197886634733,15.654484981312478
747,748.0,1.8314859539010793,14.39814196741005,17.118017030257654
748,749.0,8.800001993040837,3.7003097250840566,9.800356785531791
749,750.0,7.406298785212886,3.7003097250840566,18.581549079202826
750,751.0,8.800001993040837,16.181114007797717,18.581549079202826
751,752.0,8.800001993040837,9.049225846247063,9.800356785531791
752,753.0,1.8314859539010793,5.483281765471725,9.800356785531791
753,754.0,3.225189161729031,14.39814196741005,28.826273421819035
754,755.0,12.981111616524679,17.96408604818539,24.43567727498351
755,756.0,11.587408408696724,16.181114007797717,21.508613177093164
756,757.0,11.587408408696724,17.96408604818539,27.36274137287386
757,758.0,11.587408408696724,14.39814196741005,30.289805470764207
758,759.0,11.587408408696724,14.39814196741005,30.289805470764207
759,760.0,11.587408408696724,14.39814196741005,28.826273421819035
760,761.0,14.37481482435263,9.049225846247063,30.289805470764207
761,762.0,14.37481482435263,12.615169927022382,31.753337519709383
762,763.0,11.587408408696724,9.049225846247063,34.68040161759971
763,764.0,11.587408408696724,10.832197886634733,37.60746571549006
764,765.0,14.37481482435263,9.049225846247063,34.68040161759971
765,766.0,14.37481482435263,9.049225846247063,37.60746571549006
766,767.0,14.37481482435263,10.832197886634733,34.68040161759971
767,768.0,10.193705200868774,5.483281765471725,39.07099776443523
768,769.0,11.587408408696724,1.9173376846963879,39.07099776443523
769,770.0,11.587408408696724,5.483281765471725,37.60746571549006
770,771.0,10.193705200868774,5.483281765471725,37.60746571549006
771,772.0,8.800001993040837,3.7003097250840566,36.14393366654488
772,773.0,10.193705200868774,-1.64860639607895,36.14393366654488
773,774.0,8.800001993040837,0.13436564430871878,36.14393366654488
774,775.0,7.406298785212886,3.7003097250840566,33.21686956865456
775,776.0,4.618892369556983,-1.64860639607895,31.753337519709383
776,777.0,6.012595577384935,-3.431578436466619,30.289805470764207
777,778.0,3.225189161729031,-1.64860639607895,28.826273421819035
778,779.0,6.012595577384935,-1.64860639607895,31.753337519709383
779,780.0,6.012595577384935,-1.64860639607895,30.289805470764207
780,781.0,3.225189161729031,-1.64860639607895,31.753337519709383
781,782.0,3.225189161729031,1.9173376846963879,27.36274137287386
782,783.0,1.8314859539010793,1.9173376846963879,27.36274137287386
783,784.0,0.4377827460731276,-1.64860639607895,28.826273421819035
784,785.0,3.225189161729031,-1.64860639607895,27.36274137287386
785,786.0,0.4377827460731276,-3.431578436466619,27.36274137287386
786,787.0,0.4377827460731276,-1.64860639607895,25.899209323928687
787,788.0,4.618892369556983,-1.64860639607895,27.36274137287386
788,789.0,-0.955920461754824,-8.780494557629615,24.43567727498351
789,790.0,0.4377827460731276,-1.64860639607895,25.899209323928687
790,791.0,-5.137030085238671,1.9173376846963879,22.97214522603834
791,792.0,-6.530733293066623,-8.780494557629615,24.43567727498351
792,793.0,0.4377827460731276,-1.64860639607895,22.97214522603834
793,794.0,-0.955920461754824,3.7003097250840566,21.508613177093164
794,795.0,-0.955920461754824,1.9173376846963879,20.045081128148
795,796.0,3.225189161729031,-1.64860639607895,20.045081128148
796,797.0,0.4377827460731276,1.9173376846963879,21.508613177093164
797,798.0,3.225189161729031,-1.64860639607895,20.045081128148
798,799.0,-6.530733293066623,-3.431578436466619,15.654484981312478
799,800.0,-0.955920461754824,-3.431578436466619,18.581549079202826
800,801.0,-7.924436500894575,-1.64860639607895,15.654484981312478
801,802.0,-2.349623669582776,-8.780494557629615,24.43567727498351
802,803.0,-6.530733293066623,-8.780494557629615,17.118017030257654
803,804.0,-6.530733293066623,-1.64860639607895,24.43567727498351
804,805.0,-2.349623669582776,-8.780494557629615,15.654484981312478
805,806.0,-7.924436500894575,-8.780494557629615,24.43567727498351
806,807.0,-7.924436500894575,1.9173376846963879,14.190952932367304
807,808.0,-5.137030085238671,1.9173376846963879,11.263888834476965
808,809.0,1.8314859539010793,1.9173376846963879,14.190952932367304
809,810.0,-3.74332687741072,-3.431578436466619,14.190952932367304
810,811.0,-3.74332687741072,1.9173376846963879,14.190952932367304
811,812.0,-7.924436500894575,1.9173376846963879,25.899209323928687
812,813.0,0.4377827460731276,1.9173376846963879,14.190952932367304
813,814.0,-3.74332687741072,1.9173376846963879,11.263888834476965
814,815.0,1.8314859539010793,9.049225846247063,14.190952932367304
815,816.0,-3.74332687741072,-10.563466598017284,12.72742088342213
816,817.0,7.406298785212886,-1.64860639607895,14.190952932367304
817,818.0,0.4377827460731276,-3.431578436466619,11.263888834476965
818,819.0,8.800001993040837,1.9173376846963879,17.118017030257654
819,820.0,1.8314859539010793,14.39814196741005,21.508613177093164
820,821.0,1.8314859539010793,1.9173376846963879,18.581549079202826
821,822.0,8.800001993040837,5.483281765471725,9.800356785531791
822,823.0,1.8314859539010793,3.7003097250840566,9.800356785531791
823,824.0,8.800001993040837,9.049225846247063,17.118017030257654
824,825.0,1.8314859539010793,3.7003097250840566,11.263888834476965
825,826.0,1.8314859539010793,12.615169927022382,17.118017030257654
826,827.0,10.193705200868774,14.39814196741005,18.581549079202826
827,828.0,1.8314859539010793,14.39814196741005,17.118017030257654
828,829.0,1.8314859539010793,16.181114007797717,9.800356785531791
829,830.0,4.618892369556983,17.96408604818539,28.826273421819035
830,831.0,14.37481482435263,12.615169927022382,9.800356785531791
831,832.0,8.800001993040837,19.747058088573056,9.800356785531791
832,833.0,15.76851803218058,10.832197886634733,9.800356785531791
833,834.0,15.76851803218058,19.747058088573056,9.800356785531791
834,835.0,4.618892369556983,10.832197886634733,14.190952932367304
835,836.0,15.76851803218058,9.049225846247063,9.800356785531791
836,837.0,11.587408408696724,19.747058088573056,12.72742088342213
837,838.0,4.618892369556983,3.7003097250840566,14.190952932367304
838,839.0,4.618892369556983,17.96408604818539,9.800356785531791
839,840.0,7.406298785212886,16.181114007797717,11.263888834476965
840,841.0,3.225189161729031,17.96408604818539,11.263888834476965
841,842.0,4.618892369556983,14.39814196741005,9.800356785531791
842,843.0,6.012595577384935,14.39814196741005,22.97214522603834
843,844.0,6.012595577384935,14.39814196741005,9.800356785531791
844,845.0,6.012595577384935,23.313002169348394,27.36274137287386
845,846.0,7.406298785212886,14.39814196741005,18.581549079202826
846,847.0,11.587408408696724,9.049225846247063,18.581549079202826
847,848.0,8.800001993040837,16.181114007797717,11.263888834476965
848,849.0,18.555924447836485,-1.64860639607895,34.68040161759971
849,850.0,11.587408408696724,17.96408604818539,43.461593911270754
850,851.0,18.555924447836485,17.96408604818539,46.388658009161105
851,852.0,18.555924447836485,-1.64860639607895,39.07099776443523
852,853.0,10.193705200868774,-1.64860639607895,46.388658009161105
853,854.0,17.16222124000853,21.530030128960725,41.998061862325585
854,855.0,18.555924447836485,9.049225846247063,37.60746571549006
855,856.0,17.16222124000853,19.747058088573056,44.92512596021593
856,857.0,15.76851803218058,21.530030128960725,44.92512596021593
857,858.0,17.16222124000853,21.530030128960725,41.998061862325585
858,859.0,18.555924447836485,9.049225846247063,41.998061862325585
859,860.0,17.16222124000853,21.530030128960725,44.92512596021593
860,861.0,11.587408408696724,21.530030128960725,41.998061862325585
861,862.0,18.555924447836485,23.313002169348394,46.388658009161105
862,863.0,11.587408408696724,1.9173376846963879,44.92512596021593
863,864.0,-2.349623669582776,-8.780494557629615,30.289805470764207
864,865.0,7.406298785212886,-5.214550476854278,36.14393366654488
865,866.0,1.8314859539010793,-5.214550476854278,37.60746571549006
866,867.0,8.800001993040837,-8.780494557629615,30.289805470764207
867,868.0,7.406298785212886,-1.64860639607895,36.14393366654488
868,869.0,-2.349623669582776,-3.431578436466619,39.07099776443523
869,870.0,-2.349623669582776,-8.780494557629615,30.289805470764207
870,871.0,-2.349623669582776,-8.780494557629615,30.289805470764207
871,872.0,7.406298785212886,-8.780494557629615,30.289805470764207
872,873.0,4.618892369556983,-8.780494557629615,30.289805470764207
873,874.0,-2.349623669582776,-5.214550476854278,27.36274137287386
874,875.0,-2.349623669582776,-6.997522517241947,30.289805470764207
875,876.0,-2.349623669582776,-8.780494557629615,30.289805470764207
876,877.0,-5.137030085238671,-8.780494557629615,25.899209323928687
877,878.0,0.4377827460731276,-1.64860639607895,21.508613177093164
878,879.0,0.4377827460731276,-8.780494557629615,21.508613177093164
879,880.0,-0.955920461754824,-1.64860639607895,24.43567727498351
880,881.0,0.4377827460731276,-1.64860639607895,25.899209323928687
881,882.0,0.4377827460731276,-1.64860639607895,24.43567727498351
882,883.0,0.4377827460731276,-1.64860639607895,25.899209323928687
883,884.0,-2.349623669582776,-8.780494557629615,15.654484981312478
884,885.0,-6.530733293066623,-1.64860639607895,18.581549079202826
885,886.0,-0.955920461754824,-8.780494557629615,15.654484981312478
886,887.0,-2.349623669582776,-8.780494557629615,15.654484981312478
887,888.0,-7.924436500894575,-1.64860639607895,24.43567727498351
888,889.0,-9.318139708722526,-1.64860639607895,24.43567727498351
889,890.0,-0.955920461754824,-8.780494557629615,25.899209323928687
890,891.0,3.225189161729031,-3.431578436466619,17.118017030257654
891,892.0,-6.530733293066623,-1.64860639607895,25.899209323928687
892,893.0,-0.955920461754824,-1.64860639607895,17.118017030257654
893,894.0,-2.349623669582776,-8.780494557629615,17.118017030257654
894,895.0,-0.955920461754824,-3.431578436466619,24.43567727498351
895,896.0,0.4377827460731276,9.049225846247063,14.190952932367304
896,897.0,-5.137030085238671,1.9173376846963879,21.508613177093164
897,898.0,0.4377827460731276,1.9173376846963879,12.72742088342213
898,899.0,-9.318139708722526,-10.563466598017284,12.72742088342213
899,900.0,0.4377827460731276,-6.997522517241947,14.190952932367304
900,901.0,-2.349623669582776,1.9173376846963879,12.72742088342213
901,902.0,-2.349623669582776,-3.431578436466619,12.72742088342213
902,903.0,0.4377827460731276,1.9173376846963879,14.190952932367304
903,904.0,-3.74332687741072,-3.431578436466619,20.045081128148
904,905.0,4.618892369556983,0.13436564430871878,15.654484981312478
905,906.0,7.406298785212886,10.832197886634733,14.190952932367304
906,907.0,0.4377827460731276,-10.563466598017284,14.190952932367304
907,908.0,8.800001993040837,5.483281765471725,9.800356785531791
908,909.0,1.8314859539010793,14.39814196741005,11.263888834476965
909,910.0,10.193705200868774,14.39814196741005,9.800356785531791
910,911.0,1.8314859539010793,12.615169927022382,9.800356785531791
911,912.0,1.8314859539010793,16.181114007797717,11.263888834476965
912,913.0,8.800001993040837,3.7003097250840566,18.581549079202826
913,914.0,1.8314859539010793,12.615169927022382,11.263888834476965
914,915.0,1.8314859539010793,12.615169927022382,11.263888834476965
915,916.0,1.8314859539010793,1.9173376846963879,15.654484981312478
916,917.0,1.8314859539010793,14.39814196741005,17.118017030257654
917,918.0,3.225189161729031,16.181114007797717,24.43567727498351
918,919.0,11.587408408696724,16.181114007797717,22.97214522603834
919,920.0,4.618892369556983,21.530030128960725,12.72742088342213
920,921.0,4.618892369556983,23.313002169348394,15.654484981312478
921,922.0,15.76851803218058,14.39814196741005,9.800356785531791
922,923.0,15.76851803218058,17.96408604818539,9.800356785531791
923,924.0,14.37481482435263,17.96408604818539,17.118017030257654
924,925.0,4.618892369556983,16.181114007797717,18.581549079202826
925,926.0,4.618892369556983,16.181114007797717,20.045081128148
926,927.0,8.800001993040837,21.530030128960725,9.800356785531791
927,928.0,12.981111616524679,23.313002169348394,17.118017030257654
928,929.0,4.618892369556983,9.049225846247063,11.263888834476965
929,930.0,4.618892369556983,21.530030128960725,27.36274137287386
930,931.0,11.587408408696724,7.266253805859394,24.43567727498351
931,932.0,6.012595577384935,14.39814196741005,15.654484981312478
932,933.0,6.012595577384935,10.832197886634733,28.826273421819035
933,934.0,15.76851803218058,21.530030128960725,11.263888834476965
934,935.0,7.406298785212886,14.39814196741005,9.800356785531791
935,936.0,14.37481482435263,12.615169927022382,9.800356785531791
936,937.0,6.012595577384935,17.96408604818539,21.508613177093164
937,938.0,14.37481482435263,5.483281765471725,44.92512596021593
938,939.0,11.587408408696724,12.615169927022382,37.60746571549006
939,940.0,14.37481482435263,9.049225846247063,44.92512596021593
940,941.0,17.16222124000853,19.747058088573056,44.92512596021593
941,942.0,15.76851803218058,19.747058088573056,44.92512596021593
942,943.0,15.76851803218058,21.530030128960725,46.388658009161105
943,944.0,14.37481482435263,5.483281765471725,41.998061862325585
944,945.0,12.981111616524679,9.049225846247063,36.14393366654488
945,946.0,11.587408408696724,3.7003097250840566,46.388658009161105
946,947.0,15.76851803218058,14.39814196741005,39.07099776443523
947,948.0,15.76851803218058,3.7003097250840566,34.68040161759971
948,949.0,18.555924447836485,19.747058088573056,37.60746571549006
949,950.0,-0.955920461754824,-3.431578436466619,28.826273421819035
950,951.0,1.8314859539010793,-6.997522517241947,34.68040161759971
951,952.0,-2.349623669582776,-8.780494557629615,34.68040161759971
952,953.0,-0.955920461754824,-8.780494557629615,34.68040161759971
953,954.0,7.406298785212886,-6.997522517241947,25.899209323928687
954,955.0,6.012595577384935,-5.214550476854278,37.60746571549006
955,956.0,8.800001993040837,-8.780494557629615,28.826273421819035
956,957.0,3.225189161729031,-8.780494557629615,27.36274137287386
957,958.0,6.012595577384935,-5.214550476854278,28.826273421819035
958,959.0,8.800001993040837,-8.780494557629615,31.753337519709383
959,960.0,-2.349623669582776,-6.997522517241947,40.53452981338041
960,961.0,0.4377827460731276,-8.780494557629615,34.68040161759971
961,962.0,3.225189161729031,-8.780494557629615,31.753337519709383
962,963.0,-0.955920461754824,-8.780494557629615,37.60746571549006
963,964.0,-0.955920461754824,-8.780494557629615,27.36274137287386
964,965.0,0.4377827460731276,-8.780494557629615,25.899209323928687
965,966.0,3.225189161729031,-1.64860639607895,27.36274137287386
966,967.0,0.4377827460731276,1.9173376846963879,25.899209323928687
967,968.0,-3.74332687741072,-1.64860639607895,22.97214522603834
968,969.0,0.4377827460731276,1.9173376846963879,22.97214522603834
969,970.0,3.225189161729031,-8.780494557629615,25.899209323928687
970,971.0,0.4377827460731276,-1.64860639607895,22.97214522603834
971,972.0,-2.349623669582776,-8.780494557629615,18.581549079202826
972,973.0,3.225189161729031,-1.64860639607895,25.899209323928687
973,974.0,-7.924436500894575,-3.431578436466619,17.118017030257654
974,975.0,-7.924436500894575,-8.780494557629615,24.43567727498351
975,976.0,-0.955920461754824,-3.431578436466619,24.43567727498351
976,977.0,-0.955920461754824,-5.214550476854278,17.118017030257654
977,978.0,-0.955920461754824,-3.431578436466619,24.43567727498351
978,979.0,-7.924436500894575,-8.780494557629615,17.118017030257654
979,980.0,-0.955920461754824,-8.780494557629615,24.43567727498351
980,981.0,-2.349623669582776,-10.563466598017284,17.118017030257654
981,982.0,-2.349623669582776,-10.563466598017284,25.899209323928687
982,983.0,-0.955920461754824,-3.431578436466619,17.118017030257654
983,984.0,3.225189161729031,-1.64860639607895,24.43567727498351
984,985.0,0.4377827460731276,1.9173376846963879,20.045081128148
985,986.0,-2.349623669582776,-10.563466598017284,12.72742088342213
986,987.0,-3.74332687741072,-3.431578436466619,14.190952932367304
987,988.0,-2.349623669582776,-1.64860639607895,14.190952932367304
988,989.0,-2.349623669582776,-10.563466598017284,17.118017030257654
989,990.0,1.8314859539010793,-10.563466598017284,11.263888834476965
990,991.0,-0.955920461754824,-5.214550476854278,12.72742088342213
991,992.0,4.618892369556983,-10.563466598017284,14.190952932367304
992,993.0,-3.74332687741072,-3.431578436466619,12.72742088342213
993,994.0,-9.318139708722526,-1.64860639607895,15.654484981312478
994,995.0,0.4377827460731276,-8.780494557629615,14.190952932367304
995,996.0,-9.318139708722526,-6.997522517241947,28.826273421819035
996,997.0,-9.318139708722526,-10.563466598017284,27.36274137287386
997,998.0,-9.318139708722526,-8.780494557629615,30.289805470764207
998,999.0,-9.318139708722526,-6.997522517241947,28.826273421819035
